{
  "1": {
    "space_group": 194,
    "unit_cell": [
      4.7,
      4.7,
      3.4,
      90.0,
      90.0,
      120.0
    ]
  },
  "2": {
    "space_group": 225,
    "unit_cell": [
      4.242,
      4.242,
      4.242,
      90.0,
      90.0,
      90.0
    ]
  },
  "3": {
    "space_group": 229,
    "unit_cell": [
      3.51,
      3.51,
      3.51,
      90.0,
      90.0,
      90.0
    ]
  },
  "4": {
    "space_group": 194,
    "unit_cell": [
      2.2858,
      2.2858,
      3.5843000000000003,
      90.0,
      90.0,
      120.0
    ]
  },
  "5": {
    "space_group": 166,
    "unit_cell": [
      5.06,
      5.06,
      5.06,
      58.06,
      58.06,
      58.06
    ]
  },
  "6": {
    "space_group": 194,
    "unit_cell": [
      2.464,
      2.464,
      6.711,
      90.0,
      90.0,
      120.0
    ]
  },
  "7": {
    "space_group": 194,
    "unit_cell": [
      3.861,
      3.861,
      6.265,
      90.0,
      90.0,
      120.0
    ]
  },
  "8": {
    "space_group": 12,
    "unit_cell": [
      5.403,
      3.429,
      5.086,
      90.0,
      132.53,
      90.0
    ]
  },
  "9": {
    "space_group": 15,
    "unit_cell": [
      5.5,
      3.28,
      7.28,
      90.0,
      90.0,
      90.0
    ]
  },
  "10": {
    "space_group": 225,
    "unit_cell": [
      4.428999999999999,
      4.428999999999999,
      4.428999999999999,
      90.0,
      90.0,
      90.0
    ]
  },
  "11": {
    "space_group": 229,
    "unit_cell": [
      4.2906,
      4.2906,
      4.2906,
      90.0,
      90.0,
      90.0
    ]
  },
  "12": {
    "space_group": 194,
    "unit_cell": [
      3.2094,
      3.2094,
      5.210800000000001,
      90.0,
      90.0,
      120.0
    ]
  },
  "13": {
    "space_group": 225,
    "unit_cell": [
      4.0495,
      4.0495,
      4.0495,
      90.0,
      90.0,
      90.0
    ]
  },
  "14": {
    "space_group": 227,
    "unit_cell": [
      5.4309,
      5.4309,
      5.4309,
      90.0,
      90.0,
      90.0
    ]
  },
  "15": {
    "space_group": 2,
    "unit_cell": [
      11.45,
      5.502999999999999,
      11.261,
      71.84,
      90.37,
      71.56
    ]
  },
  "16": {
    "space_group": 70,
    "unit_cell": [
      10.437000000000001,
      12.845,
      24.369,
      90.0,
      90.0,
      90.0
    ]
  },
  "17": {
    "space_group": 64,
    "unit_cell": [
      6.2235000000000005,
      4.4561,
      8.1785,
      90.0,
      90.0,
      90.0
    ]
  },
  "18": {
    "space_group": 225,
    "unit_cell": [
      5.256,
      5.256,
      5.256,
      90.0,
      90.0,
      90.0
    ]
  },
  "19": {
    "space_group": 229,
    "unit_cell": [
      5.327999999999999,
      5.327999999999999,
      5.327999999999999,
      90.0,
      90.0,
      90.0
    ]
  },
  "20": {
    "space_group": 225,
    "unit_cell": [
      5.5884,
      5.5884,
      5.5884,
      90.0,
      90.0,
      90.0
    ]
  },
  "21": {
    "space_group": 194,
    "unit_cell": [
      3.3089999999999997,
      3.3089999999999997,
      5.273300000000001,
      90.0,
      90.0,
      120.0
    ]
  },
  "22": {
    "space_group": 194,
    "unit_cell": [
      2.9507999999999996,
      2.9507999999999996,
      4.6855,
      90.0,
      90.0,
      120.0
    ]
  },
  "23": {
    "space_group": 229,
    "unit_cell": [
      3.03,
      3.03,
      3.03,
      90.0,
      90.0,
      90.0
    ]
  },
  "24": {
    "space_group": 229,
    "unit_cell": [
      2.91,
      2.91,
      2.91,
      90.0,
      90.0,
      90.0
    ]
  },
  "25": {
    "space_group": 217,
    "unit_cell": [
      8.9125,
      8.9125,
      8.9125,
      90.0,
      90.0,
      90.0
    ]
  },
  "26": {
    "space_group": 229,
    "unit_cell": [
      2.8665,
      2.8665,
      2.8665,
      90.0,
      90.0,
      90.0
    ]
  },
  "27": {
    "space_group": 194,
    "unit_cell": [
      2.5071,
      2.5071,
      4.0695,
      90.0,
      90.0,
      120.0
    ]
  },
  "28": {
    "space_group": 225,
    "unit_cell": [
      3.5239999999999996,
      3.5239999999999996,
      3.5239999999999996,
      90.0,
      90.0,
      90.0
    ]
  },
  "29": {
    "space_group": 225,
    "unit_cell": [
      3.6149,
      3.6149,
      3.6149,
      90.0,
      90.0,
      90.0
    ]
  },
  "30": {
    "space_group": 194,
    "unit_cell": [
      2.6649000000000003,
      2.6649000000000003,
      4.9468,
      90.0,
      90.0,
      120.0
    ]
  },
  "31": {
    "space_group": 64,
    "unit_cell": [
      4.5197,
      7.6633000000000004,
      4.526,
      90.0,
      90.0,
      90.0
    ]
  },
  "32": {
    "space_group": 225,
    "unit_cell": [
      5.6575,
      5.6575,
      5.6575,
      90.0,
      90.0,
      90.0
    ]
  },
  "33": {
    "space_group": 166,
    "unit_cell": [
      3.7598000000000003,
      3.7598000000000003,
      10.5475,
      90.0,
      90.0,
      120.0
    ]
  },
  "34": {
    "space_group": 14,
    "unit_cell": [
      9.054,
      9.083,
      11.600999999999999,
      90.0,
      90.81,
      90.0
    ]
  },
  "35": {
    "space_group": 64,
    "unit_cell": [
      6.7265,
      4.6451,
      8.702300000000001,
      90.0,
      90.0,
      90.0
    ]
  },
  "36": {
    "space_group": 225,
    "unit_cell": [
      5.706,
      5.706,
      5.706,
      90.0,
      90.0,
      90.0
    ]
  },
  "37": {
    "space_group": 229,
    "unit_cell": [
      5.585,
      5.585,
      5.585,
      90.0,
      90.0,
      90.0
    ]
  },
  "38": {
    "space_group": 225,
    "unit_cell": [
      6.0849,
      6.0849,
      6.0849,
      90.0,
      90.0,
      90.0
    ]
  },
  "39": {
    "space_group": 194,
    "unit_cell": [
      3.6474,
      3.6474,
      5.730599999999999,
      90.0,
      90.0,
      120.0
    ]
  },
  "40": {
    "space_group": 194,
    "unit_cell": [
      3.2319999999999998,
      3.2319999999999998,
      5.147,
      90.0,
      90.0,
      120.0
    ]
  },
  "41": {
    "space_group": 229,
    "unit_cell": [
      3.3004000000000002,
      3.3004000000000002,
      3.3004000000000002,
      90.0,
      90.0,
      90.0
    ]
  },
  "42": {
    "space_group": 229,
    "unit_cell": [
      3.147,
      3.147,
      3.147,
      90.0,
      90.0,
      90.0
    ]
  },
  "43": {
    "space_group": 194,
    "unit_cell": [
      2.735,
      2.735,
      4.388,
      90.0,
      90.0,
      120.0
    ]
  },
  "44": {
    "space_group": 194,
    "unit_cell": [
      2.7058999999999997,
      2.7058999999999997,
      4.281499999999999,
      90.0,
      90.0,
      120.0
    ]
  },
  "45": {
    "space_group": 225,
    "unit_cell": [
      3.8034,
      3.8034,
      3.8034,
      90.0,
      90.0,
      90.0
    ]
  },
  "46": {
    "space_group": 225,
    "unit_cell": [
      3.8907,
      3.8907,
      3.8907,
      90.0,
      90.0,
      90.0
    ]
  },
  "47": {
    "space_group": 225,
    "unit_cell": [
      4.0853,
      4.0853,
      4.0853,
      90.0,
      90.0,
      90.0
    ]
  },
  "48": {
    "space_group": 194,
    "unit_cell": [
      2.9794,
      2.9794,
      5.6186,
      90.0,
      90.0,
      120.0
    ]
  },
  "49": {
    "space_group": 139,
    "unit_cell": [
      3.2523,
      3.2523,
      4.9461,
      90.0,
      90.0,
      90.0
    ]
  },
  "50": {
    "space_group": 141,
    "unit_cell": [
      5.831799999999999,
      5.831799999999999,
      3.1819,
      90.0,
      90.0,
      90.0
    ]
  },
  "51": {
    "space_group": 166,
    "unit_cell": [
      4.3069999999999995,
      4.3069999999999995,
      11.273,
      90.0,
      90.0,
      120.0
    ]
  },
  "52": {
    "space_group": 152,
    "unit_cell": [
      4.4572,
      4.4572,
      5.928999999999999,
      90.0,
      90.0,
      120.0
    ]
  },
  "53": {
    "space_group": 64,
    "unit_cell": [
      7.1802,
      4.7101999999999995,
      9.8103,
      90.0,
      90.0,
      90.0
    ]
  },
  "54": {
    "space_group": 225,